Id,SalePrice
1461,130550.83
1462,152936.0
1463,177472.5
1464,188518.5
1465,206867.28
1466,182671.02
1467,171373.48
1468,176766.16
1469,180354.0
1470,122335.93
1471,189466.0
1472,92971.5
1473,109394.0
1474,152774.03
1475,140913.02
1476,367488.93
1477,255805.29
1478,302597.97
1479,251626.07
1480,424350.56
1481,302118.3
1482,213757.54
1483,180217.18
1484,168064.5
1485,169980.36
1486,198451.47
1487,333585.23
1488,238631.39
1489,209946.13
1490,197069.32
1491,192000.25
1492,97675.54
1493,177703.83
1494,290640.31
1495,301440.85
1496,217451.25
1497,188547.22
1498,150499.03
1499,149640.37
1500,156077.57
1501,170922.1
1502,162179.78
1503,314170.67
1504,234225.52
1505,219758.73
1506,195467.65
1507,230421.6
1508,210411.78
1509,165432.0
1510,150479.5
1511,148741.25
1512,169315.73
1513,159248.74
1514,166494.05
1515,173069.37
1516,163958.0
1517,150108.5
1518,132129.43
1519,221821.98
1520,136832.0
1521,145319.5
1522,166653.0
1523,111380.0
1524,122982.75
1525,131173.83
1526,128693.0
1527,111429.5
1528,129816.75
1529,140489.0
1530,165627.5
1531,132527.06
1532,104009.5
1533,147501.5
1534,117491.62
1535,160703.73
1536,118209.41
1537,81591.0
1538,190536.93
1539,239759.86
1540,117799.0
1541,149421.84
1542,139011.32
1543,215825.59
1544,78907.54
1545,107277.5
1546,123303.0
1547,130888.34
1548,132444.84
1549,123969.5
1550,138106.69
1551,120420.0
1552,146368.61
1553,147718.92
1554,111281.66
1555,171687.05
1556,95289.58
1557,128388.07
1558,96458.04
1559,118812.54
1560,150811.58
1561,150899.55
1562,126693.0
1563,119345.33
1564,162647.67
1565,146686.55
1566,205751.8
1567,84329.0
1568,227745.7
1569,143046.0
1570,137196.0
1571,128290.87
1572,143033.75
1573,235863.31
1574,122841.5
1575,207153.38
1576,215681.93
1577,207979.2
1578,154388.82
1579,141653.63
1580,189772.25
1581,138967.25
1582,127877.0
1583,340509.77
1584,246997.02
1585,139551.5
1586,78682.54
1587,111291.0
1588,151866.25
1589,103678.08
1590,133921.37
1591,105292.5
1592,131531.0
1593,119099.33
1594,136097.24
1595,131998.61
1596,233676.5
1597,156277.65
1598,185555.8
1599,215744.35
1600,198505.28
1601,83197.0
1602,116305.5
1603,105985.66
1604,282399.0
1605,249589.25
1606,164749.32
1607,174319.95
1608,216621.74
1609,204534.58
1610,155008.48
1611,148543.36
1612,160309.37
1613,172122.22
1614,120952.33
1615,89061.0
1616,87503.0
1617,93438.5
1618,127510.0
1619,133867.83
1620,156617.33
1621,140264.01
1622,156861.71
1623,291212.61
1624,220869.8
1625,129671.16
1626,168223.82
1627,188532.15
1628,281371.36
1629,174030.65
1630,364873.25
1631,235470.92
1632,251086.31
1633,164356.73
1634,182495.5
1635,183294.32
1636,165602.64
1637,171061.44
1638,213360.1
1639,179865.73
1640,248876.96
1641,178744.8
1642,210135.24
1643,228706.29
1644,229839.01
1645,174806.0
1646,150284.5
1647,162935.25
1648,142315.5
1649,138257.5
1650,121016.43
1651,121413.5
1652,93218.0
1653,100177.5
1654,157377.0
1655,154511.44
1656,150069.0
1657,155863.5
1658,152864.33
1659,144541.89
1660,147636.75
1661,415464.22
1662,377234.93
1663,359188.54
1664,412756.49
1665,302976.34
1666,335612.74
1667,365143.75
1668,322199.81
1669,294308.58
1670,329815.88
1671,250917.15
1672,426154.37
1673,302675.69
1674,250513.79
1675,191114.0
1676,192138.54
1677,217363.86
1678,395208.94
1679,382824.91
1680,329190.01
1681,271142.0
1682,305622.24
1683,185840.45
1684,172486.31
1685,175677.8
1686,168548.51
1687,165367.0
1688,188677.72
1689,193104.21
1690,183390.1
1691,170417.0
1692,274450.7
1693,167215.9
1694,185082.5
1695,165121.12
1696,277605.18
1697,166101.32
1698,350755.36
1699,317461.35
1700,242520.54
1701,266107.75
1702,256657.94
1703,251567.78
1704,298217.54
1705,242363.58
1706,372563.34
1707,215619.48
1708,219369.64
1709,282875.08
1710,226967.32
1711,261629.92
1712,231093.19
1713,241302.52
1714,219417.71
1715,203313.15
1716,173873.35
1717,156971.28
1718,137534.0
1719,205998.65
1720,261217.29
1721,157241.5
1722,127242.5
1723,152134.5
1724,212889.08
1725,238676.49
1726,187068.0
1727,179948.71
1728,186204.1
1729,163201.81
1730,169792.39
1731,122513.74
1732,131174.93
1733,127176.33
1734,131235.5
1735,131634.0
1736,115043.65
1737,359003.38
1738,213796.8
1739,267021.91
1740,188015.41
1741,185345.49
1742,171906.73
1743,163449.22
1744,311088.48
1745,221226.94
1746,270851.48
1747,217349.67
1748,207629.54
1749,157061.5
1750,148668.87
1751,240384.3
1752,124322.5
1753,142616.55
1754,214786.0
1755,166084.32
1756,121376.86
1757,121328.5
1758,148881.0
1759,170097.0
1760,155401.0
1761,148443.37
1762,169175.71
1763,168385.0
1764,117807.0
1765,175972.62
1766,164518.32
1767,204598.95
1768,137121.5
1769,162250.62
1770,141120.0
1771,139143.0
1772,142427.98
1773,139319.75
1774,133478.82
1775,133777.5
1776,123957.5
1777,116737.5
1778,131092.75
1779,118998.78
1780,176408.61
1781,134610.25
1782,98676.83
1783,132705.78
1784,107835.5
1785,120463.58
1786,154796.53
1787,163718.2
1788,63682.0
1789,103682.0
1790,95563.5
1791,192128.8
1792,154353.5
1793,137639.0
1794,141572.93
1795,134405.0
1796,125843.85
1797,114719.86
1798,126735.75
1799,114050.82
1800,122927.33
1801,132043.66
1802,162819.27
1803,158014.0
1804,141945.6
1805,134018.25
1806,110389.66
1807,154361.0
1808,117370.04
1809,129144.54
1810,144518.48
1811,114098.84
1812,111540.16
1813,121489.5
1814,104288.83
1815,71566.5
1816,107823.5
1817,125652.53
1818,147995.87
1819,115019.66
1820,83468.04
1821,132658.12
1822,153093.18
1823,65720.0
1824,139974.5
1825,142013.98
1826,104302.33
1827,114692.5
1828,138322.17
1829,119381.0
1830,155889.0
1831,164324.9
1832,118328.0
1833,146983.34
1834,133464.5
1835,168629.4
1836,137690.81
1837,94409.33
1838,132202.91
1839,94054.5
1840,165234.3
1841,143935.77
1842,98045.12
1843,140037.37
1844,142683.12
1845,145434.27
1846,147091.0
1847,151709.92
1848,67535.5
1849,121089.96
1850,128307.5
1851,159813.25
1852,127506.5
1853,135149.0
1854,163189.42
1855,154071.33
1856,217916.82
1857,154384.07
1858,143251.61
1859,132238.97
1860,153066.32
1861,132523.67
1862,271812.38
1863,266596.38
1864,266596.38
1865,331719.71
1866,327870.63
1867,250844.13
1868,308833.24
1869,195944.29
1870,252364.27
1871,260317.73
1872,169931.77
1873,220016.59
1874,140636.5
1875,200018.95
1876,192078.32
1877,204411.55
1878,215785.6
1879,137033.1
1880,138429.8
1881,236461.49
1882,266087.41
1883,196770.1
1884,217517.25
1885,264454.07
1886,300529.69
1887,190048.72
1888,293267.88
1889,164431.85
1890,134923.25
1891,143489.64
1892,111054.83
1893,139805.75
1894,128182.52
1895,149923.19
1896,122489.0
1897,117110.84
1898,108443.54
1899,130245.0
1900,138741.64
1901,161242.5
1902,136648.0
1903,206548.84
1904,135278.5
1905,176991.0
1906,151809.37
1907,213538.67
1908,129135.22
1909,139360.46
1910,133889.3
1911,189522.55
1912,257706.01
1913,140062.3
1914,78131.0
1915,333222.91
1916,77702.0
1917,262559.61
1918,140493.2
1919,162327.56
1920,148152.01
1921,384729.43
1922,328394.64
1923,201976.52
1924,217775.8
1925,222019.51
1926,363112.86
1927,138373.5
1928,155295.9
1929,126046.92
1930,133634.52
1931,139658.52
1932,139736.55
1933,175561.11
1934,183611.5
1935,179985.18
1936,191932.35
1937,182472.17
1938,166333.0
1939,246485.29
1940,208096.98
1941,176754.02
1942,193232.0
1943,204468.06
1944,314801.9
1945,359929.62
1946,166398.25
1947,318967.23
1948,169420.0
1949,224649.22
1950,173947.8
1951,271245.27
1952,233836.3
1953,161396.37
1954,203264.7
1955,128346.0
1956,263321.88
1957,163814.5
1958,304390.37
1959,140975.25
1960,116975.5
1961,119648.16
1962,92650.5
1963,114441.83
1964,107442.53
1965,152077.93
1966,151292.42
1967,302027.8
1968,403610.78
1969,355374.34
1970,400146.73
1971,422686.15
1972,359775.29
1973,272410.42
1974,311377.2
1975,424916.32
1976,273149.5
1977,362114.66
1978,359043.74
1979,336525.53
1980,192935.41
1981,337170.85
1982,248679.22
1983,228648.8
1984,167204.95
1985,199166.45
1986,199552.04
1987,179590.82
1988,178856.54
1989,188635.45
1990,214133.85
1991,218678.18
1992,204497.45
1993,173091.27
1994,243707.33
1995,183008.1
1996,254547.89
1997,321397.76
1998,339848.91
1999,250961.3
2000,299703.31
2001,270076.02
2002,228415.85
2003,250253.94
2004,263823.74
2005,244891.82
2006,233289.31
2007,246634.68
2008,209519.2
2009,191846.5
2010,195810.45
2011,144702.03
2012,174767.38
2013,184402.85
2014,191566.65
2015,199902.33
2016,196335.0
2017,198886.03
2018,124205.0
2019,133755.1
2020,114259.0
2021,116673.33
2022,177837.0
2023,152693.94
2024,227154.99
2025,367126.95
2026,180504.76
2027,149165.6
2028,153721.55
2029,170733.22
2030,284046.65
2031,265619.59
2032,284538.22
2033,279447.13
2034,161207.11
2035,197106.15
2036,218395.56
2037,234078.22
2038,318946.94
2039,222023.3
2040,368981.45
2041,283180.6
2042,200790.86
2043,167073.32
2044,173600.0
2045,216771.3
2046,135191.14
2047,153428.34
2048,134075.55
2049,135910.83
2050,179586.44
2051,108782.0
2052,139858.0
2053,140808.75
2054,93210.5
2055,157774.84
2056,127073.5
2057,128563.0
2058,218340.05
2059,126396.0
2060,161196.73
2061,175012.5
2062,136507.75
2063,115882.0
2064,138642.87
2065,119862.0
2066,176972.7
2067,130819.14
2068,140053.64
2069,90352.5
2070,111869.91
2071,107211.5
2072,140630.19
2073,135179.83
2074,170523.0
2075,146382.75
2076,123859.0
2077,147090.5
2078,129931.33
2079,130650.5
2080,113335.25
2081,120576.0
2082,127900.25
2083,137745.98
2084,113532.0
2085,132798.0
2086,125209.2
2087,120227.0
2088,105400.16
2089,97031.83
2090,132230.98
2091,128236.82
2092,135924.94
2093,133365.09
2094,127560.0
2095,150932.64
2096,92231.54
2097,100775.54
2098,144619.02
2099,72479.33
2100,119357.64
2101,120284.1
2102,143193.06
2103,110946.5
2104,130579.48
2105,139069.26
2106,86555.0
2107,233385.9
2108,118958.0
2109,119383.03
2110,128168.41
2111,159115.7
2112,139753.82
2113,120923.04
2114,111215.08
2115,153961.68
2116,119389.0
2117,151174.51
2118,113671.04
2119,109086.0
2120,115810.87
2121,107558.5
2122,111662.0
2123,94915.54
2124,180288.0
2125,132109.22
2126,167944.0
2127,163329.9
2128,136884.95
2129,107400.0
2130,150249.34
2131,163550.27
2132,117229.0
2133,121231.25
2134,124657.0
2135,115948.0
2136,83812.0
2137,115152.5
2138,139629.5
2139,150115.5
2140,135625.5
2141,144476.12
2142,135630.5
2143,141303.83
2144,120028.25
2145,135267.25
2146,152922.83
2147,161052.55
2148,125273.5
2149,135181.6
2150,213951.5
2151,123285.4
2152,182264.4
2153,160588.59
2154,104335.5
2155,125873.0
2156,232408.07
2157,228981.93
2158,237950.3
2159,211617.55
2160,169332.39
2161,253920.77
2162,414082.0
2163,340411.69
2164,262650.51
2165,172773.0
2166,145747.83
2167,196561.2
2168,212278.25
2169,193073.15
2170,217417.78
2171,145343.06
2172,142467.8
2173,159018.25
2174,250458.95
2175,309534.38
2176,332183.07
2177,259014.42
2178,229709.86
2179,140414.82
2180,207040.34
2181,192041.22
2182,226173.61
2183,197582.38
2184,136965.25
2185,136158.0
2186,148407.1
2187,148178.5
2188,155855.43
2189,172002.24
2190,89587.0
2191,92009.0
2192,88520.5
2193,103448.0
2194,105117.0
2195,114421.0
2196,112978.75
2197,112580.87
2198,151667.3
2199,166451.64
2200,134506.5
2201,135928.89
2202,200583.45
2203,166956.0
2204,175884.87
2205,112368.08
2206,134118.5
2207,230155.12
2208,230812.08
2209,191170.37
2210,131701.09
2211,118060.54
2212,119540.58
2213,102584.37
2214,144918.41
2215,112677.0
2216,144706.3
2217,80507.5
2218,91909.33
2219,83333.04
2220,96971.33
2221,332547.01
2222,226932.09
2223,254534.95
2224,219288.5
2225,143849.39
2226,178249.0
2227,196637.01
2228,286078.26
2229,250951.19
2230,155816.19
2231,211418.12
2232,181207.44
2233,178166.32
2234,261307.1
2235,206291.5
2236,281295.52
2237,336790.56
2238,195648.84
2239,120147.5
2240,164422.42
2241,152296.5
2242,138378.6
2243,136323.21
2244,101935.02
2245,97848.0
2246,144321.62
2247,99586.04
2248,125288.0
2249,125574.5
2250,137545.5
2251,129247.95
2252,181244.5
2253,156945.26
2254,179345.32
2255,193212.53
2256,182086.7
2257,194524.61
2258,174122.51
2259,177993.32
2260,145946.33
2261,200918.85
2262,218652.68
2263,338078.11
2264,400895.63
2265,168378.87
2266,301859.98
2267,370492.56
2268,364002.91
2269,166723.84
2270,185087.45
2271,227802.95
2272,205803.45
2273,163927.0
2274,168856.32
2275,166757.5
2276,166909.37
2277,194576.5
2278,152977.34
2279,122079.24
2280,111780.5
2281,179524.15
2282,180766.61
2283,96560.0
2284,108438.23
2285,147020.32
2286,129944.6
2287,331973.39
2288,272296.86
2289,372610.27
2290,410427.52
2291,321101.95
2292,402592.44
2293,425434.74
2294,393077.05
2295,410346.75
2296,282638.61
2297,312335.29
2298,314074.89
2299,375789.65
2300,307577.43
2301,286874.45
2302,230519.38
2303,242534.54
2304,248248.24
2305,187136.77
2306,187365.26
2307,191233.82
2308,218375.58
2309,291710.95
2310,232156.72
2311,191200.3
2312,182576.27
2313,174813.15
2314,177283.69
2315,176483.63
2316,184987.21
2317,180483.39
2318,177938.79
2319,175879.49
2320,181564.39
2321,258773.53
2322,169552.36
2323,178978.13
2324,166295.95
2325,217326.38
2326,166415.29
2327,204260.85
2328,217563.25
2329,185672.15
2330,179958.32
2331,351627.98
2332,368257.2
2333,304944.48
2334,262041.05
2335,265002.8
2336,320911.89
2337,199473.37
2338,289162.4
2339,230800.95
2340,369258.57
2341,216390.07
2342,240845.47
2343,218213.81
2344,230796.49
2345,248177.47
2346,230044.42
2347,196390.74
2348,232275.81
2349,158885.64
2350,293641.99
2351,253092.49
2352,238611.93
2353,223184.41
2354,124613.37
2355,145800.04
2356,150798.32
2357,199626.02
2358,202470.75
2359,121454.7
2360,121644.53
2361,137632.87
2362,262654.23
2363,142457.0
2364,152782.87
2365,238323.23
2366,201912.84
2367,217897.68
2368,198063.24
2369,218086.22
2370,171413.4
2371,170711.05
2372,171362.31
2373,277804.41
2374,296998.6
2375,245289.58
2376,263541.34
2377,360602.14
2378,140184.6
2379,201589.3
2380,147429.52
2381,159352.62
2382,186135.7
2383,209899.87
2384,241728.7
2385,148086.5
2386,137069.83
2387,134137.66
2388,102669.2
2389,126696.83
2390,134707.83
2391,134398.6
2392,115436.0
2393,159451.9
2394,144874.52
2395,186419.0
2396,148910.5
2397,203800.2
2398,129494.5
2399,62790.0
2400,62900.5
2401,118135.16
2402,134742.0
2403,135783.41
2404,143319.0
2405,156389.0
2406,139116.0
2407,126165.73
2408,136926.25
2409,134944.5
2410,167954.5
2411,123951.5
2412,154796.82
2413,138594.0
2414,133918.25
2415,131301.09
2416,127245.0
2417,128215.5
2418,122181.5
2419,129225.84
2420,127177.5
2421,151400.0
2422,119397.83
2423,133323.53
2424,151859.21
2425,166400.05
2426,130128.75
2427,141146.88
2428,171377.92
2429,114865.5
2430,131819.1
2431,118639.25
2432,134902.25
2433,143088.5
2434,143987.0
2435,150928.87
2436,110886.33
2437,101303.75
2438,119486.24
2439,122416.0
2440,124290.5
2441,107392.04
2442,106162.08
2443,115827.83
2444,128513.0
2445,90390.04
2446,130534.52
2447,215744.21
2448,148226.24
2449,114156.7
2450,164293.34
2451,129915.52
2452,199816.85
2453,105725.5
2454,124658.78
2455,109473.0
2456,135673.36
2457,116584.54
2458,114270.0
2459,112036.83
2460,135145.15
2461,116585.0
2462,133470.87
2463,116830.0
2464,168730.45
2465,131775.14
2466,116454.33
2467,145899.71
2468,97662.66
2469,100607.66
2470,176424.25
2471,187135.87
2472,191949.28
2473,118515.0
2474,115264.92
2475,218879.08
2476,109203.66
2477,132924.5
2478,159812.15
2479,119537.5
2480,140318.43
2481,124166.08
2482,135206.53
2483,113796.65
2484,123375.24
2485,120886.08
2486,154929.34
2487,170531.0
2488,146826.45
2489,152014.74
2490,149406.13
2491,95724.5
2492,190246.4
2493,135509.5
2494,167128.34
2495,106865.0
2496,217630.6
2497,154327.84
2498,117249.34
2499,97736.04
2500,132301.75
2501,135840.5
2502,151250.5
2503,104835.0
2504,198248.9
2505,210221.78
2506,253706.25
2507,310553.2
2508,254244.49
2509,222730.27
2510,237231.31
2511,186172.6
2512,213461.13
2513,215737.15
2514,233140.82
2515,147725.33
2516,158152.86
2517,136577.5
2518,140722.24
2519,226420.42
2520,207152.1
2521,195516.94
2522,218553.5
2523,132101.0
2524,141700.6
2525,147195.6
2526,138042.2
2527,123773.83
2528,127272.83
2529,130805.0
2530,119921.5
2531,231076.36
2532,224110.05
2533,197331.49
2534,239497.12
2535,314695.31
2536,224864.11
2537,239174.17
2538,188918.62
2539,189617.46
2540,182568.38
2541,185386.09
2542,159733.7
2543,127676.83
2544,134639.15
2545,129148.5
2546,143072.5
2547,141758.99
2548,155634.35
2549,155878.92
2550,339737.1
2551,145859.03
2552,121436.66
2553,90094.5
2554,127839.75
2555,115286.16
2556,102976.98
2557,117162.5
2558,146937.0
2559,136411.68
2560,127281.04
2561,128460.56
2562,135612.54
2563,147572.68
2564,166098.0
2565,122561.73
2566,144090.25
2567,123768.63
2568,190747.0
2569,188602.55
2570,130292.59
2571,167557.42
2572,197375.35
2573,225001.2
2574,313976.7
2575,127042.0
2576,136369.45
2577,160064.93
2578,96865.0
2579,87761.83
2580,127054.37
2581,135018.58
2582,121502.04
2583,282584.76
2584,163276.85
2585,173187.63
2586,198939.52
2587,197452.89
2588,147903.49
2589,148808.82
2590,216346.5
2591,208746.02
2592,221375.33
2593,256146.82
2594,175564.6
2595,217555.97
2596,331552.11
2597,182161.32
2598,279268.94
2599,317970.54
2600,149239.4
2601,137065.47
2602,91615.5
2603,95796.0
2604,88824.5
2605,98206.5
2606,145903.88
2607,170088.67
2608,202327.2
2609,161427.4
2610,112143.0
2611,153442.0
2612,152908.37
2613,128017.5
2614,122615.31
2615,151599.75
2616,136105.0
2617,178760.05
2618,183734.4
2619,215583.5
2620,187645.0
2621,183468.02
2622,188281.64
2623,257469.57
2624,279963.0
2625,337177.36
2626,166192.32
2627,194341.06
2628,387398.28
2629,511520.77
2630,342357.54
2631,409294.95
2632,368167.98
2633,324810.71
2634,375236.53
2635,150859.6
2636,192806.38
2637,158299.6
2638,252466.79
2639,176329.95
2640,148701.75
2641,109862.33
2642,192746.82
2643,115586.04
2644,130079.15
2645,98554.04
2646,92054.0
2647,98666.04
2648,142583.16
2649,137503.46
2650,147323.35
2651,154531.98
2652,400377.68
2653,248766.42
2654,241483.46
2655,373490.71
2656,322877.82
2657,333675.8
2658,280955.19
2659,304982.19
2660,334726.95
2661,335218.95
2662,353800.89
2663,278141.1
2664,285375.61
2665,309975.99
2666,288797.38
2667,170021.96
2668,183472.12
2669,182220.82
2670,287053.79
2671,183261.19
2672,178095.47
2673,202439.58
2674,197826.05
2675,167234.63
2676,189833.82
2677,199648.67
2678,272783.41
2679,275737.14
2680,267493.04
2681,380977.57
2682,312335.47
2683,505183.42
2684,293781.16
2685,327481.63
2686,261092.83
2687,326135.2
2688,228867.21
2689,223422.8
2690,385988.2
2691,188312.15
2692,128506.34
2693,192696.45
2694,123608.22
2695,191603.52
2696,184251.55
2697,193723.48
2698,199974.0
2699,183609.36
2700,175119.68
2701,149402.36
2702,118922.0
2703,156206.38
2704,143001.6
2705,127704.83
2706,117433.0
2707,125689.75
2708,135277.0
2709,106541.0
2710,125560.99
2711,280708.3
2712,349868.29
2713,170520.19
2714,148485.0
2715,167489.13
2716,158908.69
2717,182950.54
2718,232753.54
2719,155787.55
2720,162452.21
2721,141778.0
2722,158716.99
2723,148250.0
2724,129612.0
2725,135364.0
2726,147584.62
2727,174723.0
2728,171910.5
2729,150683.63
2730,144423.5
2731,119325.5
2732,118899.5
2733,161673.0
2734,144824.53
2735,133826.0
2736,146498.11
2737,120302.08
2738,135814.7
2739,159098.5
2740,139133.0
2741,149193.0
2742,153664.37
2743,146469.58
2744,144308.25
2745,137889.25
2746,135102.5
2747,159245.52
2748,127905.0
2749,132713.0
2750,135059.83
2751,128644.5
2752,220235.1
2753,150830.84
2754,192332.5
2755,126159.54
2756,100552.33
2757,81827.5
2758,94146.0
2759,157807.0
2760,140056.29
2761,141678.5
2762,145317.75
2763,193075.4
2764,169599.22
2765,261268.76
2766,144984.05
2767,90332.55
2768,127788.17
2769,125185.6
2770,147618.06
2771,121209.5
2772,121137.25
2773,140338.9
2774,139420.93
2775,138753.42
2776,138236.84
2777,150082.04
2778,117208.68
2779,120273.14
2780,111384.75
2781,105481.5
2782,103047.33
2783,105371.5
2784,130144.5
2785,137411.46
2786,79764.5
2787,118915.5
2788,89673.0
2789,215358.64
2790,99003.61
2791,123309.5
2792,86392.75
2793,168015.88
2794,102061.5
2795,114607.95
2796,106696.5
2797,200280.27
2798,123647.11
2799,122398.96
2800,84101.0
2801,117607.75
2802,132097.39
2803,170553.7
2804,148788.0
2805,96391.33
2806,98080.0
2807,147414.54
2808,149573.5
2809,132356.5
2810,138170.0
2811,158367.08
2812,147571.69
2813,149236.58
2814,155043.13
2815,103131.0
2816,244785.37
2817,139960.25
2818,133584.0
2819,173161.2
2820,130951.25
2821,107333.04
2822,187229.85
2823,232948.42
2824,178888.0
2825,152886.12
2826,133840.75
2827,142760.5
2828,211090.39
2829,180526.17
2830,232150.21
2831,191535.65
2832,226398.76
2833,290895.84
2834,218180.29
2835,217207.55
2836,197169.21
2837,164140.62
2838,143855.64
2839,179827.32
2840,193930.39
2841,202034.12
2842,222865.98
2843,148369.66
2844,156042.5
2845,120973.5
2846,207865.3
2847,199790.5
2848,237229.81
2849,205143.56
2850,282655.65
2851,237243.24
2852,220997.76
2853,229246.48
2854,139149.5
2855,195070.79
2856,210287.92
2857,189235.24
2858,196306.25
2859,143913.19
2860,123153.5
2861,131842.5
2862,198766.12
2863,121298.12
2864,262553.81
2865,143762.54
2866,137115.0
2867,104946.75
2868,116280.0
2869,119112.34
2870,158908.68
2871,107322.04
2872,68798.0
2873,104188.62
2874,141078.25
2875,118565.12
2876,158294.92
2877,147661.5
2878,165392.0
2879,144200.34
2880,106891.58
2881,160333.59
2882,163096.74
2883,167961.82
2884,179578.64
2885,179260.1
2886,190349.55
2887,108455.83
2888,122717.0
2889,68900.5
2890,95121.5
2891,141739.54
2892,67379.0
2893,112399.0
2894,70161.0
2895,315840.52
2896,288131.35
2897,199820.55
2898,163336.79
2899,240312.29
2900,157703.0
2901,199219.2
2902,186945.43
2903,336698.77
2904,335404.67
2905,119488.87
2906,190016.86
2907,127365.83
2908,125833.0
2909,145629.31
2910,83375.0
2911,91513.0
2912,153012.5
2913,91525.82
2914,89201.0
2915,88151.0
2916,92567.0
2917,152311.6
2918,116142.0
2919,220057.75
